{
  "retcode": "0000",
  "retmsg": "返回成功",
  "data": {
    "docId": "imxxstf4875526",
    "title": "富常波1.15黄金走势分析操作建议及解套现货黄金原油春节操作建议",
    "content": "<p>　　渣打分析师Emily Ashford和Paul Horsnell在报告中说表示：“俄罗斯拖沓行事有造成油价暴跌的风险”。</p >\n<blockquote>\n<p>　　俄罗斯目前为止抵制了沙特担忧疫情削弱石油需求而要求OPEC+同意进一步减产的施压。</p >\n<p>　　“下周在维也纳召开的艰难的OPEC+会议，以及进一步延误都将造成市场易受短期波动影响，跌破30美元”。</p >\n<p>　　“基于价格崩跌风险低的观点，俄罗斯目前的政策立场似乎只符合其主要能源公司的利益”。</p >\n<p>　　“然而，我们认为油价暴跌的风险高企，除非俄罗斯能够迅速说服石油市场它有采取行动的政治意愿”。</p >\n</blockquote>",
    "source": "人民日报",
    "class": "分类",
    "publishTime": "2020-02-27 20:10:14",
    "readNum": 0,
    "likeNum": 0,
    "isLike": false
  }
}
