{
  "retcode": "0000",
  "retmsg": "返回成功",
  "total": 20,
  "data": [
    {
      "docId": "资讯ID",
      "title": "投资黄金需要了解的几种目的",
      "content": "",
      "coverUrl": "https://i.loli.net/2020/03/26/Zw25m1E3zKRT4ke.png",
      "source": "新财富杂志",
      "class": "分类",
      "publishTime": "2020-03-27 20:10:14",
      "readNum": "10万",
      "likeNum": 0
    },
    {
      "docId": "资讯ID",
      "title": "投资黄金需要了解的几种目的",
      "content": "",
      "coverUrl": "https://i.loli.net/2020/03/26/KGoCfw5azxskWE9.png",
      "source": "新财富杂志",
      "class": "分类",
      "publishTime": "2020-03-27 20:10:14",
      "readNum": "10万",
      "likeNum": 0
    },
    {
      "docId": "标题",
      "title": "投资黄金需要了解的几种目的",
      "content": "",
      "coverUrl": "https://i.loli.net/2020/03/26/Zw25m1E3zKRT4ke.png",
      "source": "新财富杂志",
      "class": "分类",
      "publishTime": "2020-03-27 20:10:14",
      "readNum": "10万",
      "likeNum": 0
    },
    {
      "docId": "资讯ID",
      "title": "投资黄金需要了解的几种目的",
      "content": "",
      "coverUrl": "https://i.loli.net/2020/03/26/KGoCfw5azxskWE9.png",
      "source": "新财富杂志",
      "class": "分类",
      "publishTime": "2020-03-27 20:10:14",
      "readNum": "10万",
      "likeNum": 0
    },
    {
      "docId": "资讯ID",
      "title": "投资黄金需要了解的几种目的",
      "content": "",
      "coverUrl": "https://i.loli.net/2020/03/26/Zw25m1E3zKRT4ke.png",
      "source": "新财富杂志",
      "class": "分类",
      "publishTime": "2020-03-27 20:10:14",
      "readNum": "10万",
      "likeNum": 0
    },
    {
      "docId": "资讯ID",
      "title": "投资黄金需要了解的几种目的",
      "content": "",
      "coverUrl": "https://i.loli.net/2020/03/26/KGoCfw5azxskWE9.png",
      "source": "新财富杂志",
      "class": "分类",
      "publishTime": "2020-03-27 20:10:14",
      "readNum": "10万",
      "likeNum": 0
    }
  ]
}
