{
  "status": "success",
  "data": [
    {
      "advTitle": "长信利众债券（LOF）",
      "advContent": "0.74%",
      "cntReco": "3",
      "productCod": "163005",
      "advImgId": "",
      "periodPro": "",
      "advId": "AD200310163520357010",
      "returnMsg": "交易成功",
      "levelRisk": "中低风险",
      "advNo": "0010000518110215211154011",
      "clickFlag": "0",
      "desProfit": "月涨幅",
      "advUrl": "",
      "desTypProfit": "",
      "returnCode": "000000"
    },
    {
      "advTitle": "长信利众债券（LOF）",
      "advContent": "0.74%",
      "cntReco": "3",
      "productCod": "163005",
      "advImgId": "",
      "periodPro": "",
      "advId": "AD200310163520357010",
      "returnMsg": "交易成功",
      "levelRisk": "中低风险",
      "advNo": "0010000518110215211154011",
      "clickFlag": "0",
      "desProfit": "月涨幅",
      "advUrl": "",
      "desTypProfit": "",
      "returnCode": "000000"
    },
    {
      "advTitle": "长信利众债券（LOF）",
      "advContent": "0.74%",
      "cntReco": "3",
      "productCod": "163005",
      "advImgId": "",
      "periodPro": "",
      "advId": "AD200310163520357010",
      "returnMsg": "交易成功",
      "levelRisk": "中低风险",
      "advNo": "0010000518110215211154011",
      "clickFlag": "0",
      "desProfit": "月涨幅",
      "advUrl": "",
      "desTypProfit": "",
      "returnCode": "000000"
    }
  ]
}
