{
  "retcode": "0000",
  "retmsg": "返回成功",
  "total": 20,
  "pageIndex": 1,
  "data": [
    {
      "docId": "imxxstf4875526",
      "title": "渣打：如果OPEC+推迟行动 油价可能跌破30美元",
      "coverUrl": "http://n.sinaimg.cn/finance/transform/59/w550h309/20200227/484b-ipzreiw7311787.jpg",
      "source": "消息来源",
      "class": "分类",
      "publishTime": "2020-02-27 20:10:14",
      "readNum": 0,
      "likeNum": 0
    },
    {
      "docId": "imxxstf4875526",
      "title": "渣打：如果OPEC+推迟行动 油价可能跌破30美元",
      "coverUrl": "http://n.sinaimg.cn/finance/transform/59/w550h309/20200227/484b-ipzreiw7311787.jpg",
      "source": "消息来源",
      "class": "分类",
      "publishTime": "2020-02-27 20:10:14",
      "readNum": 0,
      "likeNum": 0
    },
    {
      "docId": "imxxstf4875526",
      "title": "渣打：如果OPEC+推迟行动 油价可能跌破30美元",
      "coverUrl": "http://n.sinaimg.cn/finance/transform/59/w550h309/20200227/484b-ipzreiw7311787.jpg",
      "source": "消息来源",
      "class": "分类",
      "publishTime": "2020-02-27 20:10:14",
      "readNum": 0,
      "likeNum": 0
    },
    {
      "docId": "imxxstf4875526",
      "title": "渣打：如果OPEC+推迟行动 油价可能跌破30美元",
      "coverUrl": "http://n.sinaimg.cn/finance/transform/59/w550h309/20200227/484b-ipzreiw7311787.jpg",
      "source": "消息来源",
      "class": "分类",
      "publishTime": "2020-02-27 20:10:14",
      "readNum": 0,
      "likeNum": 0
    },
    {
      "docId": "imxxstf4875526",
      "title": "渣打：如果OPEC+推迟行动 油价可能跌破30美元",
      "coverUrl": "http://n.sinaimg.cn/finance/transform/59/w550h309/20200227/484b-ipzreiw7311787.jpg",
      "source": "消息来源",
      "class": "分类",
      "publishTime": "2020-02-27 20:10:14",
      "readNum": 0,
      "likeNum": 0
    },
    {
      "docId": "imxxstf4875526",
      "title": "渣打：如果OPEC+推迟行动 油价可能跌破30美元",
      "coverUrl": "http://n.sinaimg.cn/finance/transform/59/w550h309/20200227/484b-ipzreiw7311787.jpg",
      "source": "消息来源",
      "class": "分类",
      "publishTime": "2020-02-27 20:10:14",
      "readNum": 0,
      "likeNum": 0
    }
  ]
}
